mut_id,trans_id,gene,num_isoforms
MTMR11:chr1:Splice_Site:149935297:A:C,ENST00000439741,MTMR11,1
TRPC4AP:chr20:Splice_Region:35054969:T:G,ENST00000252015,TRPC4AP,2
GSN:chr9:Splice_Site:121300007:T:G,ENST00000373818,GSN,1
LCORL:chr4:Splice_Site:17886066:A:C,ENST00000382226,LCORL,2
APBA2:chr15:Splice_Site:29076093:T:G,ENST00000558259,APBA2,1
NBPF3:chr1:Splice_Site:21473586:G:T,ENST00000318249,NBPF3,1
RAD51D:chr17:Splice_Site:35118499:A:C,ENST00000345365,RAD51D,1
SPEG:chr2:Splice_Site:219477787:T:G,ENST00000312358,SPEG,1
HERC3:chr4:Splice_Site:88655306:T:G,ENST00000264345,ENSG00000138641,1
CHL1:chr3:Splice_Site:401624:A:T,ENST00000397491,CHL1,2
